doc_id,domain,silver_label
ra_243fe399a23b92c3,ra,ADVICE
conf_5bb7f1de063f9f59,confession,STORY
ra_72030e25682a3e5a,ra,ADVICE
ra_18a627761acd974d,ra,ADVICE
ra_02318b3255667a1e,ra,ADVICE
ra_fe2db46b3253ee7b,ra,ADVICE
ra_87e9cb10657c2d32,ra,ADVICE
conf_6ddd1056fa32e8b8,confession,STORY
conf_1faf07bda315394d,confession,STORY
ra_40731a0e6291e621,ra,ADVICE
conf_5cd1a78205dc73d5,confession,STORY
conf_cb78e60abab82122,confession,STORY
ra_f3b41a8e83a27357,ra,ADVICE
conf_cf358d15f098f61b,confession,STORY
conf_0efbb9d66000c686,confession,STORY
ra_2e86090deabdd0ba,ra,ADVICE
ra_ea029bdae624e201,ra,ADVICE
conf_ab49840b670a45ab,confession,STORY
ra_6642e74c67148dc2,ra,ADVICE
ra_8a208a2782ac6bfa,ra,ADVICE
ra_3b9ff947682f217c,ra,ADVICE
conf_815be3fc186a6d44,confession,STORY
ra_c134df2dee69793a,ra,ADVICE
ra_634119a1e83a08f3,ra,ADVICE
ra_78d03ea4603ff291,ra,ADVICE
conf_5b0ea2f73ef71612,confession,STORY
ra_ae23e174ad877d8f,ra,ADVICE
ra_fc310e709824daab,ra,ADVICE
ra_9e8801f540d0cffe,ra,ADVICE
conf_6b655a555b58f622,confession,STORY
conf_1d13746fe2520229,confession,STORY
ra_5d023e6c7cdcfacb,ra,ADVICE
ra_b9c8bd45c937c856,ra,ADVICE
ra_c181b855b447cc31,ra,ADVICE
ra_d16baceddc3458bb,ra,ADVICE
conf_a26ba5d0d95211e7,confession,STORY
ra_095d58a2f7a15016,ra,ADVICE
conf_a3060af1a5a38f66,confession,STORY
conf_df0a9aa1ce7d4e7c,confession,STORY
conf_d66b81bbbf660b76,confession,STORY
conf_67cc072fd68eb4e2,confession,STORY
conf_d5e1f5ff91ca9a76,confession,STORY
conf_eb74ff52368e5a03,confession,STORY
conf_b2977be3f245e86e,confession,STORY
conf_0140055560c2595e,confession,STORY
ra_fc1811aea880fff7,ra,ADVICE
conf_ab30335a934d07c6,confession,STORY
ra_8354cf44bdd3c68e,ra,ADVICE
conf_0ab754c43a83618a,confession,STORY
conf_11a3bf09abf04cec,confession,STORY
conf_97adfa74a28eb855,confession,STORY
ra_d546c4e15815c958,ra,ADVICE
conf_b213d506793fac23,confession,STORY
ra_998ca0181fea828c,ra,ADVICE
ra_ca240a2fac1959ac,ra,ADVICE
ra_f0e8c0a097bf3a20,ra,ADVICE
conf_51273d7e179ee74c,confession,STORY
ra_448d9092a80be43b,ra,ADVICE
ra_69de62dce0bc59c4,ra,ADVICE
ra_db7cab7363de4759,ra,ADVICE
ra_7a22010826ff2518,ra,ADVICE
conf_b94bc2bc5179579d,confession,STORY
ra_f64130fc4e5c6082,ra,ADVICE
conf_e0c45f18105a9c1f,confession,STORY
ra_36a7ee6f0bec915d,ra,ADVICE
ra_87f258b71c446c66,ra,ADVICE
ra_6f200d9cb17fe0cd,ra,ADVICE
ra_2ba84e21cafd2f01,ra,ADVICE
ra_218b5c2e3bb4cc38,ra,ADVICE
ra_afaea641639457ce,ra,ADVICE
conf_a3331fac1d589fb9,confession,STORY
ra_923fdc925169f521,ra,ADVICE
ra_e357c7f41402cd20,ra,ADVICE
ra_3045ba329c4bb9db,ra,ADVICE
ra_16f0ecfe6dff880d,ra,ADVICE
ra_09f142768f26aa44,ra,ADVICE
conf_0926c4f173b36e5b,confession,STORY
conf_f28f01ea10acc1ff,confession,STORY
ra_e348b0e42c547448,ra,ADVICE
conf_35214275545bb129,confession,STORY
conf_477d4dfbf593e787,confession,STORY
ra_b067bcd15e9bd1d7,ra,ADVICE
conf_e60b7d12f70b1d6f,confession,STORY
conf_03643cbe00763aab,confession,STORY
conf_fb0fa642c7c922b0,confession,STORY
ra_d6aa22f628be9be3,ra,ADVICE
conf_9dec1d95e583c547,confession,STORY
ra_f01b362c8abaa53d,ra,ADVICE
ra_709b53be15854580,ra,ADVICE
ra_0f4357917f5ec7d3,ra,ADVICE
conf_ed3469e554ac31f9,confession,STORY
ra_c99a2466420d42cb,ra,ADVICE
ra_590c2e670155aa4c,ra,ADVICE
ra_b211c54ea9d287ce,ra,ADVICE
conf_71645f4c90ef9336,confession,STORY
conf_052d8e97176bd0b4,confession,STORY
ra_77f6c92fc48f695b,ra,ADVICE
conf_e4627e890a95aeed,confession,STORY
conf_52aa4cb49275ec17,confession,STORY
conf_e993e92958732d17,confession,STORY
ra_9088fe5434c7c15f,ra,ADVICE
conf_121889e17d10e858,confession,STORY
conf_a4777e3aaf5866b5,confession,STORY
conf_0325c7ad9100f479,confession,STORY
ra_4dd8d5ceece07d2b,ra,ADVICE
ra_59ea5278c35b019c,ra,ADVICE
ra_2df852d3938e32de,ra,ADVICE
ra_f50a81f5b4908c84,ra,ADVICE
conf_8fa4a1799012875d,confession,STORY
ra_1390520823ffb268,ra,ADVICE
ra_8c49b6399d84cdcf,ra,ADVICE
ra_1be8ec7282f486ac,ra,ADVICE
ra_7b8ede138ba5a65f,ra,ADVICE
ra_68357e078ebe133a,ra,ADVICE
ra_cc483a4a4721147d,ra,ADVICE
ra_26287332e136323a,ra,ADVICE
conf_bb82cbd59afe40ce,confession,STORY
conf_e945cd9dfc794d79,confession,STORY
conf_8cd52526b56e4932,confession,STORY
ra_9f1d98f0c4b77f7c,ra,ADVICE
ra_f2536c4f441bb9d5,ra,ADVICE
conf_816f32ed4d7247c3,confession,STORY
conf_4a0b46d7b55983ae,confession,STORY
conf_218ea8d7a04062e6,confession,STORY
conf_f4354973b5fa7060,confession,STORY
conf_a2e641df15f28a7f,confession,STORY
ra_eaee2ada8a37f7ef,ra,ADVICE
conf_b70b2a36148b02b4,confession,STORY
conf_5b9aaa26e41937c2,confession,STORY
ra_04b2944280a7a223,ra,ADVICE
conf_6b5c6d3b81ff06fe,confession,STORY
ra_816bbc7d80201d8e,ra,ADVICE
ra_96128b9bba326639,ra,ADVICE
ra_678d89ca13235cd9,ra,ADVICE
conf_6c5bf8490b66daab,confession,STORY
conf_264f80be17cbbd06,confession,STORY
conf_16250bc8f2dbce31,confession,STORY
ra_68c527c15fd8f51b,ra,ADVICE
conf_012745e93669e19b,confession,STORY
conf_dffeeccdcbfa34c6,confession,STORY
ra_e9a1b645a46b3417,ra,ADVICE
ra_92fa04c445939312,ra,ADVICE
ra_ad6e6e95167ae66e,ra,ADVICE
conf_1894639a84bcbc86,confession,STORY
conf_88d146fc79888467,confession,STORY
conf_bbd746cea9fdf0a6,confession,STORY
ra_040c85bf110fe219,ra,ADVICE
ra_06f6e89a590f1052,ra,ADVICE
ra_3cad414fa4ee5ce2,ra,ADVICE
conf_f826072709e7f582,confession,STORY
ra_1624d2922555dbd4,ra,ADVICE
ra_27398cd675b14268,ra,ADVICE
conf_e634efd4b4b3420c,confession,STORY
ra_a0d27b0b28098358,ra,ADVICE
conf_8c8090f6c08c2007,confession,STORY
conf_ffc31f8fb58a1bac,confession,STORY
ra_82985cda862db9d0,ra,ADVICE
ra_0f9b6bff51186da9,ra,ADVICE
ra_dbca3d725eff3f2a,ra,ADVICE
ra_790f83ccf114194e,ra,ADVICE
conf_1c832a3a529eb702,confession,STORY
ra_7feafdf0d156ff0f,ra,ADVICE
conf_f2987117007b42e9,confession,STORY
ra_9303ec5d0fb9ce18,ra,ADVICE
ra_bc468af8662f2ff2,ra,ADVICE
ra_401f82215ab239e9,ra,ADVICE
conf_5549fb58d07047a0,confession,STORY
conf_68a2da3dc44c1068,confession,STORY
ra_bd4b82e75fbdd1d1,ra,ADVICE
conf_5f9ae892c52800d1,confession,STORY
conf_14f93c6b3f638256,confession,STORY
conf_cf50ef7bfc6f2433,confession,STORY
ra_b084ad9fb33ddcd9,ra,ADVICE
conf_c4e59fbd6ee65949,confession,STORY
ra_d5c309c10ad8a083,ra,ADVICE
ra_eed734d057d67c5e,ra,ADVICE
ra_93a48e8055d23fe1,ra,ADVICE
conf_e24c4cfe82ced5ff,confession,STORY
conf_4072fba1913a7d03,confession,STORY
conf_761c0553c9bd7065,confession,STORY
ra_35fcbc499afb78be,ra,ADVICE
conf_bfb8bd751dda465c,confession,STORY
conf_3e7bc3c5fdd92777,confession,STORY
conf_822289c7b127dcdf,confession,STORY
ra_95a758bdb86a2b45,ra,ADVICE
ra_e228ff611bf81623,ra,ADVICE
conf_bc0a245c871ccde7,confession,STORY
ra_93dc723049a12ed9,ra,ADVICE
ra_55960e4f94d5bc23,ra,ADVICE
conf_04c7047924408c8e,confession,STORY
conf_9021b9e5e550b04a,confession,STORY
conf_3d287ecbf8d77e26,confession,STORY
conf_e1b39d6f02aa2440,confession,STORY
conf_caea944c0196ef97,confession,STORY
conf_30a3038a45fb1b4d,confession,STORY
ra_d5c1e6896f9c0534,ra,ADVICE
conf_3059786276372c92,confession,STORY
ra_df6f147d90d8c907,ra,ADVICE
conf_d48e5f684e93c3e4,confession,STORY
conf_030b5d7da4b66ece,confession,STORY
ra_dceea30de8c7404d,ra,ADVICE
ra_a86eb6b44cacba8c,ra,ADVICE
conf_675e847ff00cb1e9,confession,STORY
conf_c21ff23dbc8c8540,confession,STORY
conf_6f5c28e88c5c0b97,confession,STORY
conf_8625196ac643e053,confession,STORY
ra_96965045d652090d,ra,ADVICE
conf_a53e75c2c5d240af,confession,STORY
conf_919d3440f5970c7f,confession,STORY
conf_de3e3381f600a25d,confession,STORY
ra_3d396f4b793dfe63,ra,ADVICE
ra_00e6d438c61824c3,ra,ADVICE
ra_2f653e6fb8f4ffd9,ra,ADVICE
conf_f50e93268f2a0505,confession,STORY
ra_72ff2c4db6e9ccdb,ra,ADVICE
ra_73bfcbc4a5cdaa15,ra,ADVICE
ra_7c40064c27f302cc,ra,ADVICE
ra_67e2ad3cd42168bb,ra,ADVICE
ra_2f1ec9b26b1d06ee,ra,ADVICE
conf_8c8ff3a779d21fa2,confession,STORY
conf_5f9606e268f290c4,confession,STORY
conf_19617d239703adb0,confession,STORY
conf_f12244a1b0f6bada,confession,STORY
conf_6935a7b620dbd1b3,confession,STORY
conf_f38eb14396763225,confession,STORY
conf_2b84d711a39b294d,confession,STORY
ra_bca4a937d69beb81,ra,ADVICE
ra_b817c635a8949e31,ra,ADVICE
ra_5aedbf93bb0336b8,ra,ADVICE
conf_4069612867b39aac,confession,STORY
conf_a20893adb67cc3cc,confession,STORY
ra_96691b56ba9c18cc,ra,ADVICE
ra_a5378d31999b0d4b,ra,ADVICE
conf_1f67ce531228290e,confession,STORY
ra_2ad79bd506e92b5d,ra,ADVICE
conf_10034ddeebe52406,confession,STORY
ra_ee68356804109c80,ra,ADVICE
conf_1bf97b20263be8bb,confession,STORY
ra_dc61ed8a76ad5339,ra,ADVICE
conf_e651cdf2fe9b51f8,confession,STORY
ra_daceb7aa1ad6cd52,ra,ADVICE
ra_e690f814798c5c59,ra,ADVICE
ra_b58168fcaf314cf5,ra,ADVICE
conf_4e779922fb0c9c9e,confession,STORY
ra_8b9344200f0c8a34,ra,ADVICE
ra_e1430f171b6c3fbe,ra,ADVICE
conf_d0f59d1e2adafb84,confession,STORY
conf_dd7c6d0d90db5838,confession,STORY
ra_6a2cc5469c49821f,ra,ADVICE
ra_a685bbca2fab11e3,ra,ADVICE
ra_932d7368a6cc4ca8,ra,ADVICE
ra_233c75b7ea5d41fe,ra,ADVICE
conf_5ff0eb46f5f1a480,confession,STORY
ra_acc7f00a25c03746,ra,ADVICE
conf_8ed7b7857e057f1d,confession,STORY
conf_c38fd79b841d4632,confession,STORY
ra_0a1684f70d60a194,ra,ADVICE
ra_c4704b7c87ab6841,ra,ADVICE
ra_ad3ec4a8e0c9f686,ra,ADVICE
ra_e66eed1dbbaf15de,ra,ADVICE
ra_df1369337ec595c6,ra,ADVICE
conf_54fea7a6f4fa5fca,confession,STORY
conf_6af477e358df236e,confession,STORY
ra_d40d982b03753291,ra,ADVICE
ra_9c823d14aed09d3d,ra,ADVICE
ra_bc70cef34eb881fd,ra,ADVICE
ra_96f5ee15c0eb912b,ra,ADVICE
ra_87d02b8613899d89,ra,ADVICE
conf_adca74ec03a3adc4,confession,STORY
conf_9b1dba517648a235,confession,STORY
ra_1e1ba1efb762b423,ra,ADVICE
ra_b6e089333c046a76,ra,ADVICE
conf_74d2219483fdd8ab,confession,STORY
conf_ccc59b81e038b55a,confession,STORY
ra_9a26ae83cb67a5d2,ra,ADVICE
conf_cb798ca204f5d2fb,confession,STORY
conf_ee3ef16e259c3081,confession,STORY
ra_7ace02920acc3627,ra,ADVICE
ra_94075a6a01b0b07e,ra,ADVICE
conf_01e5eac8edc27834,confession,STORY
conf_5eb6ca124005dbe5,confession,STORY
conf_93936245b1b8740e,confession,STORY
conf_456694b3e4020095,confession,STORY
conf_a220b6cb026872cd,confession,STORY
ra_1ffc582eba7fa470,ra,ADVICE
conf_4884ccb626871b79,confession,STORY
conf_e92cde90a938600e,confession,STORY
conf_7007d02995aece16,confession,STORY
conf_7e4a912ff20b0bd9,confession,STORY
conf_cf4931f56914217f,confession,STORY
ra_22b9407af2d05de7,ra,ADVICE
conf_702f5310100a2aa9,confession,STORY
ra_b3f5e9fb45666b15,ra,ADVICE
conf_a3934f6f0c694066,confession,STORY
conf_38db336ce0655457,confession,STORY
conf_212e9775e073e91a,confession,STORY
conf_6f1718109f1398f7,confession,STORY
conf_994ac04ae85b1efc,confession,STORY
ra_6e717702fea94bb0,ra,ADVICE
conf_5daef077e379844c,confession,STORY
conf_0bd4a9b3230d5633,confession,STORY
conf_711e840dcb3796ca,confession,STORY
ra_34e324746cbdebaa,ra,ADVICE
ra_266bc63455c21a29,ra,ADVICE
conf_e1a62ff84d6443c9,confession,STORY
ra_6b8254800c529509,ra,ADVICE
ra_e3a533af9be6b688,ra,ADVICE
conf_36820d11bacbb5f0,confession,STORY
conf_feb15e3be7fd1686,confession,STORY
ra_be84b309c07a7e41,ra,ADVICE
conf_14a9d9017a0e5159,confession,STORY
ra_384f3f4bc89b5fc1,ra,ADVICE
conf_cdf2a355436274ab,confession,STORY
conf_67d0581ce75d75ce,confession,STORY
conf_a6292c0732afc8f8,confession,STORY
conf_ca9d7243d7ee3a66,confession,STORY
ra_396fcba904101b40,ra,ADVICE
ra_d61e3a22007db2d0,ra,ADVICE
conf_ff8dce6303c22789,confession,STORY
ra_4500941273c8c413,ra,ADVICE
conf_96be0761f8dc4ccb,confession,STORY
conf_cddb6c7ad17f5e58,confession,STORY
ra_c51b6c9ab9d19a9e,ra,ADVICE
conf_f2ca6c26b80e2b4a,confession,STORY
ra_c60e7e882b900272,ra,ADVICE
ra_57fa2410b97ed297,ra,ADVICE
conf_ec707206284831e1,confession,STORY
ra_355764e986a8eaf3,ra,ADVICE
conf_ee6bb12afa1c0767,confession,STORY
ra_eb6d00966b55a796,ra,ADVICE
conf_a84b9a23b4be678f,confession,STORY
ra_67959848af94f467,ra,ADVICE
ra_b4b686dab391f526,ra,ADVICE
ra_8aef9e79c6228274,ra,ADVICE
ra_82e0874ad9ef6581,ra,ADVICE
conf_47e336fb478d2e0d,confession,STORY
conf_e4caf05a86dd4f1e,confession,STORY
ra_3564de6d8c4dbc5e,ra,ADVICE
conf_e0708e66d7cf9b06,confession,STORY
ra_593ff50f6d3b950f,ra,ADVICE
ra_8cdc753d620c04a7,ra,ADVICE
ra_779b1cdd103a9ee8,ra,ADVICE
conf_45287cc5c86c9e27,confession,STORY
conf_83505f9a80d7698b,confession,STORY
ra_3731e86369375fda,ra,ADVICE
conf_cc736f4d9ac2f324,confession,STORY
conf_9d3f8ea34b77056f,confession,STORY
ra_2c8cb0a8191106a0,ra,ADVICE
ra_e07ec164e6566d66,ra,ADVICE
conf_86e66b93d3cfd3da,confession,STORY
conf_0726e66c5ffc2b92,confession,STORY
conf_ea1b713a87530b53,confession,STORY
conf_eb9f32d60441b528,confession,STORY
ra_74eb21a961ca9620,ra,ADVICE
ra_f3c6ca8998889501,ra,ADVICE
conf_702578601681c83f,confession,STORY
ra_2faa4af7d0cfed8a,ra,ADVICE
ra_0aeb7b4838be94dd,ra,ADVICE
ra_6cc5fad2418099cd,ra,ADVICE
ra_de58afa11b1c7ac4,ra,ADVICE
ra_1c911eeb6c1933c1,ra,ADVICE
ra_6648f11f95d774d4,ra,ADVICE
ra_b5103c6d6bef435b,ra,ADVICE
ra_19bb4f958f3e2c6b,ra,ADVICE
ra_a9b11e65e8b24f8f,ra,ADVICE
ra_7b01198e68796e95,ra,ADVICE
ra_ff8a52ee0e4c3884,ra,ADVICE
conf_0c3b7a038d30d11c,confession,STORY
conf_dc0eb2967ec8256e,confession,STORY
ra_467b5a81db1fed00,ra,ADVICE
conf_4a3b42d13b55af3c,confession,STORY
ra_7d5b2b4f27b2e9eb,ra,ADVICE
conf_64bc3e9dbd5f61fc,confession,STORY
ra_3ca164b02991b7ac,ra,ADVICE
ra_dd110d02f3124baa,ra,ADVICE
ra_78f8f973f56a985d,ra,ADVICE
ra_7e9ff9164e7c770d,ra,ADVICE
conf_ff9745c344cb80d7,confession,STORY
conf_64349db753af4882,confession,STORY
ra_cfecdb24b5362d3d,ra,ADVICE
ra_04cba3ee410f4144,ra,ADVICE
ra_9b615827ce112daf,ra,ADVICE
ra_9b0269e61fdd42a8,ra,ADVICE
conf_271eb33f3d11cd3c,confession,STORY
conf_3e22c618a2e6d9a2,confession,STORY
ra_a8ef59d17376ccb1,ra,ADVICE
ra_f334935c21afd838,ra,ADVICE
ra_191024d8934c856b,ra,ADVICE
conf_fe86bc3dbbaf1391,confession,STORY
ra_701a51336ed4ebe0,ra,ADVICE
ra_636ba751954d1376,ra,ADVICE
conf_48b176586e095309,confession,STORY
conf_b3bab1fcd2e82685,confession,STORY
conf_849accbbda84dbba,confession,STORY
conf_6bb0a4196b889cff,confession,STORY
conf_d46e91891b5b3bee,confession,STORY
ra_e595f85e87657f87,ra,ADVICE
ra_b4f93ae9aa139dc8,ra,ADVICE
ra_bb33c277bf6c68d7,ra,ADVICE
ra_d8ab97b605bea04e,ra,ADVICE
ra_6bbece9beb6d389a,ra,ADVICE
conf_acb1e4d1c6578149,confession,STORY
ra_d883298b72a2dd2b,ra,ADVICE
ra_150c71f203bbd6fb,ra,ADVICE
ra_501eb8fd15967a4f,ra,ADVICE
conf_4eec3957bba4a179,confession,STORY
ra_bddc179b1face242,ra,ADVICE
ra_8451dffadbc8697a,ra,ADVICE
conf_7f981c4ab8a1fd6a,confession,STORY
ra_ff5b91254e5ddc62,ra,ADVICE
conf_8cec18f809962f37,confession,STORY
conf_faf46d1900c136d9,confession,STORY
conf_0af8ffd49bac7c06,confession,STORY
conf_19e8693b28df510c,confession,STORY
ra_c6c2d821112ae055,ra,ADVICE
conf_fe26c8fdc4588792,confession,STORY
conf_1a98200525211988,confession,STORY
conf_ea86bcbb6781334e,confession,STORY
ra_13733d06ab54c614,ra,ADVICE
ra_dea5bed5688275b0,ra,ADVICE
ra_dbf613e935656613,ra,ADVICE
conf_b08fe75913421536,confession,STORY
ra_24e294c5fda15f58,ra,ADVICE
conf_d32d0b9c398ec14a,confession,STORY
conf_f183017fed74a926,confession,STORY
ra_3d8d4e7d34402264,ra,ADVICE
ra_c6ebb3c2674f394c,ra,ADVICE
ra_e0a2e979aabd3f5d,ra,ADVICE
conf_f7d5fb10e030d1db,confession,STORY
ra_c78dfe4cd350857e,ra,ADVICE
ra_879aa7252d75c4f9,ra,ADVICE
ra_60d29aa1dde063ef,ra,ADVICE
conf_12706ae428537705,confession,STORY
ra_81454e32ccaf8c0d,ra,ADVICE
ra_8dfd5ad72951dccf,ra,ADVICE
ra_cc8ba78c26b8a150,ra,ADVICE
ra_1ebc786d7e635c65,ra,ADVICE
conf_7f70445651d6ea9a,confession,STORY
conf_ed4508135f030a2b,confession,STORY
ra_34d0c0d99c2f203b,ra,ADVICE
conf_ac9144877502e2a1,confession,STORY
conf_13a6eef09dea4935,confession,STORY
ra_e434997c9769f6bb,ra,ADVICE
conf_7333b13877cc2df2,confession,STORY
conf_300332a776b190ed,confession,STORY
conf_fce9e6ada30779b2,confession,STORY
conf_7d97a0fd3b8fdad7,confession,STORY
ra_dc5bd7ce5c5c314e,ra,ADVICE
conf_701cc095811036c1,confession,STORY
ra_602274a0bec74e21,ra,ADVICE
conf_bd030ade13ed2c00,confession,STORY
conf_cd45b375dfba24d1,confession,STORY
conf_56d6d691a207c4f8,confession,STORY
ra_4984bb230d357fbe,ra,ADVICE
conf_40c772a293e22598,confession,STORY
conf_c327bd287f29295b,confession,STORY
conf_b2f380c82b9c537f,confession,STORY
conf_717a3bc88eb159f2,confession,STORY
ra_878f5f873b7f8b4a,ra,ADVICE
conf_2db09bb9f1ab0fe4,confession,STORY
conf_391d7ba1417b73ff,confession,STORY
conf_107fb2a5b92c2822,confession,STORY
conf_06b469598cf31df0,confession,STORY
conf_2763a40992e1730d,confession,STORY
ra_ecb5c1f10ec0df54,ra,ADVICE
conf_195c4638fe421fbf,confession,STORY
conf_8d05f8a88689cd29,confession,STORY
ra_485aae3cd0c31216,ra,ADVICE
ra_820005ec2e2fdf19,ra,ADVICE
conf_28f4a914e3f44369,confession,STORY
conf_f571503627e68e38,confession,STORY
ra_13dd7fdc507d5796,ra,ADVICE
conf_e5f57645041a3550,confession,STORY
ra_8850294777702d93,ra,ADVICE
ra_de734a873533d918,ra,ADVICE
conf_eb60e55aa55173e0,confession,STORY
ra_ee5f6d29754500a1,ra,ADVICE
ra_864ef6caa52af45c,ra,ADVICE
ra_98cb3d5051ae440d,ra,ADVICE
ra_c671ca59964099a2,ra,ADVICE
ra_0727799a3c38374c,ra,ADVICE
conf_2bcdf504a02278a0,confession,STORY
conf_52799d5645642071,confession,STORY
conf_9d52625010a8ce7f,confession,STORY
conf_a4d130271d75d61e,confession,STORY
ra_a8760f8b54bcdbd1,ra,ADVICE
ra_2d42586419cf5eef,ra,ADVICE
conf_9f4a6d48762067e8,confession,STORY
conf_7438fa7838e1d28a,confession,STORY
ra_03118b9e7c9fdd90,ra,ADVICE
ra_53498cd07fc9419a,ra,ADVICE
ra_1a7c8bfcf6fc3742,ra,ADVICE
ra_da6d7a94b7db2f0b,ra,ADVICE
ra_76e4b292f6e3021f,ra,ADVICE
conf_fe365ad20c4fcbbc,confession,STORY
ra_3b1667d4f20c99c5,ra,ADVICE
ra_e97f24f8ec5cc398,ra,ADVICE
conf_21deec067cf1be58,confession,STORY
ra_035f20ac19fe45ae,ra,ADVICE
conf_00732d837d72d29e,confession,STORY
ra_e841988a42573566,ra,ADVICE
ra_4ba89b9695ab6d07,ra,ADVICE
ra_f11985ac69740c70,ra,ADVICE
ra_a741218cd3262361,ra,ADVICE
conf_c486b02c4b66ae91,confession,STORY
conf_d45abfe24f13bf4b,confession,STORY
conf_88572e47eea0a61f,confession,STORY
ra_6e0eab25583349ce,ra,ADVICE
ra_5ce200c9faa88e89,ra,ADVICE
ra_b1518699fd63f422,ra,ADVICE
conf_f36821ee438f9629,confession,STORY
ra_854bfbaba06b6b7b,ra,ADVICE
ra_43573cf7784d0af6,ra,ADVICE
ra_5a9f349929dea47c,ra,ADVICE
conf_b77d7a3bd5eafb72,confession,STORY
ra_9a6e65f5c6a7d320,ra,ADVICE
conf_0de541127bad1d51,confession,STORY
conf_1f9b046e59898b1b,confession,STORY
conf_aef3d061144ebba2,confession,STORY
ra_fe88f1ba0684da6e,ra,ADVICE
conf_3f05f450b2bcc7c2,confession,STORY
ra_9bf50d21a67ccb5b,ra,ADVICE
conf_d30a4981cbe82c10,confession,STORY
conf_1656f3f9783b8cc4,confession,STORY
conf_81b48189d82a83fb,confession,STORY
ra_714d3b0322a1d344,ra,ADVICE
ra_31afff3538225e88,ra,ADVICE
ra_be79a9c824dbb440,ra,ADVICE
conf_d91c347c739820d9,confession,STORY
ra_623e7de075965b26,ra,ADVICE
ra_9cfd2b60f11542be,ra,ADVICE
conf_e867f05a61e33e4a,confession,STORY
conf_da83a8a67e195cee,confession,STORY
ra_dbb58281def1ca98,ra,ADVICE
conf_5913c6ea044104bc,confession,STORY
ra_08f23df4ed447be2,ra,ADVICE
ra_3f8438d553440c7f,ra,ADVICE
conf_41fa767aab32eabe,confession,STORY
ra_1833e367eb179068,ra,ADVICE
conf_55d4debc73086446,confession,STORY
ra_8b4520eddb4fbbb3,ra,ADVICE
ra_991f25b5c54cfc90,ra,ADVICE
ra_e24a4f6ab0691fa2,ra,ADVICE
conf_b67d60dca2d0a834,confession,STORY
ra_43d17ff282bccc07,ra,ADVICE
conf_56a4cd9a13f01817,confession,STORY
ra_102fa4a27f9be62c,ra,ADVICE
conf_4672407f6c9262fe,confession,STORY
ra_0662c6a5eb0b5402,ra,ADVICE
conf_021da34abac490d6,confession,STORY
conf_ba2201f15df55bd0,confession,STORY
ra_49689e9615471962,ra,ADVICE
conf_050fcaaae445a4ef,confession,STORY
ra_1c0354efbafd8618,ra,ADVICE
conf_462ad55086854e4d,confession,STORY
conf_9121dd401b731e8b,confession,STORY
ra_381fa88b0cd1f408,ra,ADVICE
ra_7b5ac9d0a73c63fb,ra,ADVICE
ra_58471ee8a0942364,ra,ADVICE
ra_6a9c6fb4d288b588,ra,ADVICE
ra_e07934e046010e94,ra,ADVICE
ra_2d7b6d64faae6f53,ra,ADVICE
ra_57a33efbe9012deb,ra,ADVICE
conf_01ec68722cdea58b,confession,STORY
conf_3b0e75442c2ede86,confession,STORY
ra_290b3bac82209138,ra,ADVICE
conf_7a938ee88b93ff7f,confession,STORY
ra_e0c82c0481e76cf1,ra,ADVICE
ra_4b71f34b07be212f,ra,ADVICE
ra_6512b09e7e95151f,ra,ADVICE
conf_14ecade0f664ac7a,confession,STORY
ra_2f38cec2db0af0a5,ra,ADVICE
ra_51b6dbdd6ec6976b,ra,ADVICE
ra_1157c8d34b645e46,ra,ADVICE
conf_4d3e15308015b456,confession,STORY
ra_e36d76bbed5187b2,ra,ADVICE
ra_d9f186523d2a439a,ra,ADVICE
conf_4df23ab4a88e3cec,confession,STORY
conf_6e9348136a95e98f,confession,STORY
ra_c7a944621724ec65,ra,ADVICE
ra_c41fc4e34faaca97,ra,ADVICE
ra_a58a6d5bba67f07a,ra,ADVICE
conf_a6198d431095436a,confession,STORY
conf_d08426b2701008bf,confession,STORY
conf_61520eb291736e14,confession,STORY
ra_515ba7a557e3e9df,ra,ADVICE
ra_4a380428be995b8a,ra,ADVICE
conf_13faa899427b4bf1,confession,STORY
ra_bc986478b290f2ba,ra,ADVICE
conf_2b050dca25b74840,confession,STORY
ra_e0acfd41db197ea5,ra,ADVICE
conf_06c9d1b35280aaa5,confession,STORY
ra_8afd11ac77c7ec7d,ra,ADVICE
conf_d7d42c27e1bf11f4,confession,STORY
conf_361ed79602cd09d2,confession,STORY
ra_656df279dd54c91b,ra,ADVICE
conf_12e1682b72ff374c,confession,STORY
ra_0f0eb2552e07d6b9,ra,ADVICE
conf_612e5c78e4a44d66,confession,STORY
ra_920e6d83024556bd,ra,ADVICE
ra_3d44fb715af8496e,ra,ADVICE
ra_a0ddcdc6e718b96e,ra,ADVICE
conf_c72a2b8f6fcc20da,confession,STORY
ra_ae73883e23ea346a,ra,ADVICE
conf_77fc691948194158,confession,STORY
conf_496dd8c6be63f2dc,confession,STORY
conf_f36c5939c13c7818,confession,STORY
ra_3b7add29764c10e8,ra,ADVICE
conf_2f99291397926c7b,confession,STORY
conf_03e7a4f52b760b90,confession,STORY
ra_089de6da2e4b34e8,ra,ADVICE
conf_40978882ace2df29,confession,STORY
conf_e04b30213618c242,confession,STORY
ra_a68325cae35345f2,ra,ADVICE
ra_022f73627679fb5f,ra,ADVICE
conf_559cf405da6eb043,confession,STORY
conf_c8be32c6441a3003,confession,STORY
conf_5726f435b418228b,confession,STORY
ra_4072a5545a03c588,ra,ADVICE
ra_891a659e848083ba,ra,ADVICE
conf_b91cee0c03de5436,confession,STORY
ra_999eb34812455606,ra,ADVICE
ra_265321fe6aec1466,ra,ADVICE
ra_d3b462b0445bccc0,ra,ADVICE
ra_94addfc372331f91,ra,ADVICE
ra_cec6e0d382b662f4,ra,ADVICE
conf_386cc0e7d2d795d6,confession,STORY
ra_ccb70542cd464462,ra,ADVICE
ra_8cb1a2bfc605bd20,ra,ADVICE
ra_8bb1aba0b3445d0c,ra,ADVICE
conf_4adbbf75f5873c1f,confession,STORY
ra_8160133b24936749,ra,ADVICE
conf_609ecaf835e7790d,confession,STORY
conf_767779b88dbf1ec9,confession,STORY
ra_7aed0579903ecdab,ra,ADVICE
conf_df0fee06f07c5478,confession,STORY
ra_438d8526649b2195,ra,ADVICE
conf_d49d66436f44d2b7,confession,STORY
conf_ad8a4bddf8dbffa3,confession,STORY
ra_2603dd181c28d79b,ra,ADVICE
conf_350560eb2380790f,confession,STORY
ra_bbefb6c6595f5d37,ra,ADVICE
conf_92b758908dd51cfb,confession,STORY
ra_cfc1fc8dcfd68cca,ra,ADVICE
conf_1f8a59689c40f57b,confession,STORY
conf_d2a6fe207645c649,confession,STORY
conf_f8efd8fac42e81b4,confession,STORY
ra_d044add95f21e517,ra,ADVICE
ra_d4662bda604664bd,ra,ADVICE
ra_400f37a8fbce3c4c,ra,ADVICE
ra_92ebf9c6daec0700,ra,ADVICE
ra_da414bc4b221b5b3,ra,ADVICE
ra_38d05e32df537c5f,ra,ADVICE
ra_4b1f0bb70e0dffc7,ra,ADVICE
ra_9d3fc0178a3c6b1f,ra,ADVICE
conf_a6eddbdbd8cb57b2,confession,STORY
ra_65c8ea4f123f5d2d,ra,ADVICE
conf_197a180c2ff5e587,confession,STORY
conf_674f2a62f7cb070a,confession,STORY
conf_25f90d2b0958a44f,confession,STORY
ra_c18420df5677afea,ra,ADVICE
conf_396b354c8d963a42,confession,STORY
conf_7ebf10e8b932b0de,confession,STORY
ra_0c091a691a8335bd,ra,ADVICE
conf_501551d217a0865f,confession,STORY
conf_a7f5b1b68bceb6f6,confession,STORY
ra_562dc2a97b9fa1af,ra,ADVICE
conf_3d14a601cd482f34,confession,STORY
ra_44f74a0c38523941,ra,ADVICE
conf_82bdcf8cbf9a8d38,confession,STORY
conf_e450778dc79e5036,confession,STORY
conf_464e15d8d65302fe,confession,STORY
conf_e2ea5ee3da6a406d,confession,STORY
ra_111750869b3f2310,ra,ADVICE
ra_eb3445335e88af51,ra,ADVICE
conf_8ab8df6531c2b49c,confession,STORY
conf_cc0254e057aeab31,confession,STORY
conf_484e951243e296ea,confession,STORY
ra_5e5c80b77f0aeff7,ra,ADVICE
ra_e7dfaddb1f451589,ra,ADVICE
ra_205e36aa40c2072b,ra,ADVICE
ra_641414f355d31bae,ra,ADVICE
conf_9e6b12f276484ef6,confession,STORY
conf_0aba367105fd9668,confession,STORY
conf_e572c1e48e7bdca6,confession,STORY
conf_493ccdedb48e7a31,confession,STORY
conf_71da2d003d45faa3,confession,STORY
conf_6600b3b260c680d2,confession,STORY
conf_7d914dce7abf0932,confession,STORY
conf_e59bf49e7e8b08e1,confession,STORY
conf_0e04e3210f8a41be,confession,STORY
conf_944d6dd164a72c83,confession,STORY
ra_17403ea2d9353fba,ra,ADVICE
conf_cf70808306aa3d28,confession,STORY
ra_cb110c2a8ac4a2cf,ra,ADVICE
conf_46c47b996de59a08,confession,STORY
ra_82b7e4ced5ee8dcd,ra,ADVICE
ra_bd803fb3c2b816f8,ra,ADVICE
conf_c5d9a22db3fc8be0,confession,STORY
conf_4199f6d8cf19e361,confession,STORY
conf_caa6e50085b065ef,confession,STORY
ra_b549ebaa5f86063b,ra,ADVICE
conf_e9fe5fc2380381f9,confession,STORY
conf_d93bf9a65dafd1df,confession,STORY
conf_84ed63e9591fbac6,confession,STORY
ra_7c658c95b953f128,ra,ADVICE
ra_dc7bfffd9e413b4d,ra,ADVICE
ra_683180cd2b79aff7,ra,ADVICE
ra_bc92072d5ba8ccea,ra,ADVICE
conf_cf7fad694511481d,confession,STORY
conf_f6c7daca2498e520,confession,STORY
ra_a0fc151d495dbd7c,ra,ADVICE
ra_0bb84f00f68bf6d1,ra,ADVICE
conf_6a8d90b3c44d2c40,confession,STORY
ra_4e61b76f1ed9bbaa,ra,ADVICE
ra_3f8f6b94b4123878,ra,ADVICE
ra_f3235d8a946c82c3,ra,ADVICE
conf_91391408f1e8bd28,confession,STORY
ra_f65f7da8a9ee335a,ra,ADVICE
conf_ad3dcee1ef11576b,confession,STORY
conf_f5dd1a391e4e7cfa,confession,STORY
conf_5b62617276addbdf,confession,STORY
ra_193a00d291acf8b2,ra,ADVICE
conf_ae4926915167e286,confession,STORY
ra_b2101997f852dbc2,ra,ADVICE
ra_f7b599dfb05afe77,ra,ADVICE
conf_99497941e9af8e4d,confession,STORY
conf_c87eb885049e0600,confession,STORY
conf_7c15fa3c5fe356c8,confession,STORY
conf_a4311cf0dc4ad5d3,confession,STORY
ra_5f166bba8e1d5979,ra,ADVICE
ra_b14b04de1474b8d8,ra,ADVICE
conf_15e19ecc5dc65185,confession,STORY
conf_7cbb4f58fd7cb51b,confession,STORY
conf_369b5c4934fbedea,confession,STORY
conf_13f95387cd7ea14a,confession,STORY
ra_5f45fd2452e2a05e,ra,ADVICE
conf_cf7f879c75fe504f,confession,STORY
conf_e20af032500bef18,confession,STORY
conf_d5bc041308d8aa7d,confession,STORY
conf_005ecf36893caea1,confession,STORY
conf_d990bf16681212c0,confession,STORY
ra_68c0176170c08e9b,ra,ADVICE
ra_e2bbe232564bbb08,ra,ADVICE
conf_2c4883af5ed25c4e,confession,STORY
conf_8326fe81c068bfad,confession,STORY
ra_8cb2ab7e3f3a0f9e,ra,ADVICE
conf_c76b0c4f128821f9,confession,STORY
ra_aae1c6a2e0b29415,ra,ADVICE
ra_ce7858a681301125,ra,ADVICE
conf_d1c293e7e94f2285,confession,STORY
conf_8ed718c88adf5f13,confession,STORY
conf_73bbfcd7fa43f02d,confession,STORY
conf_3c6a78ca92b4d5bf,confession,STORY
ra_1674fec059a7f0e2,ra,ADVICE
ra_87080a94d5026398,ra,ADVICE
conf_273e1044a0f6cc9a,confession,STORY
ra_3dac1aa6b379cf28,ra,ADVICE
conf_ef1a2d947f357513,confession,STORY
conf_199e66d0a901498d,confession,STORY
conf_3d34b3aa581e6f7d,confession,STORY
ra_e711229b87cd0afb,ra,ADVICE
conf_1fec27478fddb91c,confession,STORY
ra_5e18bb92bb4616e6,ra,ADVICE
ra_134417b3c293f802,ra,ADVICE
ra_137806f16bf60960,ra,ADVICE
conf_1f4dc4fa01e43e8f,confession,STORY
conf_f218862a998ff1da,confession,STORY
conf_f889f0a19fc6c35d,confession,STORY
ra_9d65279738185bec,ra,ADVICE
conf_d89fbaf8eccb9d8b,confession,STORY
conf_d077863f965cd2df,confession,STORY
conf_b22d925256952771,confession,STORY
conf_03c1cbec1867a7fc,confession,STORY
conf_efe3c096667e7561,confession,STORY
ra_689f6eef7246e582,ra,ADVICE
conf_24f1dce77b31e830,confession,STORY
ra_b7db40deccd7969e,ra,ADVICE
ra_28a8f9e9915c3cb7,ra,ADVICE
ra_cef86726f208a9ca,ra,ADVICE
conf_1c316ef349cf8b29,confession,STORY
conf_bbf5982c275e40ea,confession,STORY
ra_2986de6f681337bc,ra,ADVICE
ra_2dd983f141055232,ra,ADVICE
ra_79b13cb403c51855,ra,ADVICE
conf_37309cc4e20f0754,confession,STORY
conf_64046a5f5972aac6,confession,STORY
ra_2b698630327ea1a4,ra,ADVICE
conf_81642640caaa9bc2,confession,STORY
conf_ff5bdc9dd3d905f2,confession,STORY
conf_68dd720902f95a49,confession,STORY
ra_ab8be2737c60db14,ra,ADVICE
ra_8f4642b48a130de3,ra,ADVICE
ra_6c99fd91b2d3c53f,ra,ADVICE
ra_c433549a059ded13,ra,ADVICE
conf_cdb8ba72ff9a6618,confession,STORY
ra_7effd70a70e4c4da,ra,ADVICE
ra_c486930678a33e83,ra,ADVICE
conf_74d739fc1cff8632,confession,STORY
ra_5e7df3ad3d19ba7b,ra,ADVICE
conf_75e839bec23ec684,confession,STORY
conf_1fc4605f17b19d58,confession,STORY
conf_78184354a2a8585f,confession,STORY
ra_d4304b5007d20f63,ra,ADVICE
ra_2ea359d1b6581730,ra,ADVICE
ra_9aa31f5ac4c81b11,ra,ADVICE
conf_823961411a2f9481,confession,STORY
ra_520c97f9f5b0e757,ra,ADVICE
ra_3a1ebbcb99f7446b,ra,ADVICE
ra_93d674e113118e84,ra,ADVICE
conf_fcec22018e8758a8,confession,STORY
ra_6977fc2c6fe0b03e,ra,ADVICE
ra_72f68ae94a72afed,ra,ADVICE
conf_594d4c788e1d4902,confession,STORY
ra_007b328824e04638,ra,ADVICE
ra_ef79e9291f218a08,ra,ADVICE
conf_328ba6d25eaefaee,confession,STORY
ra_aa2c5bd67afbe5df,ra,ADVICE
conf_5ac975399607d6d8,confession,STORY
conf_ae0c322a53228944,confession,STORY
conf_eaf44abbab017164,confession,STORY
conf_f2ae006eb0589042,confession,STORY
ra_f86aa4a59b570404,ra,ADVICE
ra_d43407b0cc844cb8,ra,ADVICE
conf_c96520bc59a46d3c,confession,STORY
ra_50d70ed76a29a0d4,ra,ADVICE
ra_238cab73b5197634,ra,ADVICE
ra_f5267fb6aedb3ab6,ra,ADVICE
conf_b07d8d17e31d568a,confession,STORY
ra_09cdaf45deb63101,ra,ADVICE
conf_e158271a17b91e0c,confession,STORY
conf_85bf78e99e15eecd,confession,STORY
ra_9a6eb10a554da799,ra,ADVICE
conf_64c63ddc08a41291,confession,STORY
conf_b4ab8087e95cff88,confession,STORY
conf_3e621b38ece811fc,confession,STORY
conf_633c6005827a5d4a,confession,STORY
ra_f62b2e9c8842d460,ra,ADVICE
conf_9a1223f314e68401,confession,STORY
ra_b58bde0852f934ed,ra,ADVICE
ra_bb5809e795761c6d,ra,ADVICE
ra_26edf50b12751ea2,ra,ADVICE
ra_1caf4a927493f5ef,ra,ADVICE
ra_d8da595795d9be8c,ra,ADVICE
conf_87eab79a96f12c1e,confession,STORY
ra_28f9f4ec28b74361,ra,ADVICE
conf_e2816e4bdbcc2e44,confession,STORY
ra_c75f4796df32391f,ra,ADVICE
ra_1b882e0e1d2f1436,ra,ADVICE
ra_e0e2fb8a70715929,ra,ADVICE
conf_e3fbb9f939a914ab,confession,STORY
conf_044daa673b6a5d6a,confession,STORY
conf_6aee5ff5495733e2,confession,STORY
conf_363a263467e34d54,confession,STORY
conf_f8f187b2641925c0,confession,STORY
conf_39d2b64703684bf7,confession,STORY
ra_f29f0fdc134a0ca5,ra,ADVICE
ra_f78993ecdbbab453,ra,ADVICE
conf_4b6a6c56eac6a35b,confession,STORY
ra_cc20cc80a93fa149,ra,ADVICE
conf_5a8ab6683a4124fe,confession,STORY
ra_31074d97d02b5a2a,ra,ADVICE
ra_024701cd3b8b6160,ra,ADVICE
conf_9409999f83ec7d60,confession,STORY
conf_d13894d64c434e0f,confession,STORY
conf_2577a318d07f7308,confession,STORY
ra_f767f18405c3b8e5,ra,ADVICE
ra_ab4d7435fadf6f84,ra,ADVICE
ra_74edf613eaa795cf,ra,ADVICE
ra_a2fdb3bf9dd9f8ab,ra,ADVICE
conf_85765b6a4a1d7f75,confession,STORY
conf_682fee9d7630ae8b,confession,STORY
conf_509d5f39a8119cc7,confession,STORY
conf_e4280412d4c454a6,confession,STORY
ra_10c924c18496c7bb,ra,ADVICE
conf_6e197ad8f3a9b967,confession,STORY
conf_8bfe018161f98981,confession,STORY
ra_a3873e6e127b8772,ra,ADVICE
conf_7d79d8e6153ade22,confession,STORY
ra_ac3de583a54a291d,ra,ADVICE
conf_de3d9f399bd2c710,confession,STORY
conf_cebe270f5e11209e,confession,STORY
ra_20c5e3d3d93e32cb,ra,ADVICE
conf_3ee81fe590f5558b,confession,STORY
ra_abc09a528adf266e,ra,ADVICE
ra_0dc4f71fb7c2f996,ra,ADVICE
ra_b03d45b15b9abbf4,ra,ADVICE
ra_3ae71ed95e056622,ra,ADVICE
ra_4e21f6f02aa938e2,ra,ADVICE
conf_82be88e5a8016091,confession,STORY
ra_bcf09014c6696f4a,ra,ADVICE
conf_8b7d5453240018a1,confession,STORY
ra_eb261dbd7f0f8448,ra,ADVICE
conf_5095efe765507c40,confession,STORY
conf_e440a089fb524460,confession,STORY
conf_380891f7ad6863df,confession,STORY
ra_0fb695830fdfb0a4,ra,ADVICE
ra_70943258dfd29870,ra,ADVICE
ra_372292a6b54dbdd6,ra,ADVICE
conf_d8b8c3d470831836,confession,STORY
ra_12709d9e842ecc62,ra,ADVICE
ra_c41d5b7ff94fdda6,ra,ADVICE
ra_754bbd033f066c8d,ra,ADVICE
ra_2db0ff8d61604d01,ra,ADVICE
conf_5b7e354c7529e7d9,confession,STORY
ra_2f76f1cf6df3cb95,ra,ADVICE
conf_7bb26e7cf9251dcf,confession,STORY
ra_7eaa63049e434579,ra,ADVICE
ra_194a01e1d9f4526f,ra,ADVICE
ra_90dd5d7f9996b7f9,ra,ADVICE
conf_49802a2d371076e9,confession,STORY
ra_15d4c103148df23e,ra,ADVICE
ra_8b6bc1928b3ad087,ra,ADVICE
conf_455702e245576e48,confession,STORY
conf_7410d3cdacbb6763,confession,STORY
ra_e68bf12499a5a20f,ra,ADVICE
ra_a8d59b230c4025e4,ra,ADVICE
ra_5fe902f030c6f93f,ra,ADVICE
conf_409650fd1f1e0cad,confession,STORY
ra_3a37195c71870ba8,ra,ADVICE
conf_bb2be1cccfd0eae0,confession,STORY
conf_c1ee602f7ad101a2,confession,STORY
ra_5e404b889202b9d0,ra,ADVICE
ra_45e43a46616216d4,ra,ADVICE
ra_77d99a1eddad6165,ra,ADVICE
conf_9ae105ec36cd191f,confession,STORY
conf_eae58ecb88e9100c,confession,STORY
ra_2d6c21d01777d807,ra,ADVICE
ra_15835b4e5998fbd3,ra,ADVICE
ra_b166f926e1343ca6,ra,ADVICE
ra_14a6505600d3234d,ra,ADVICE
conf_52a91b7f75a5188f,confession,STORY
conf_ad49979fd401a020,confession,STORY
conf_53011ea2193be414,confession,STORY
conf_365df22acdb085e3,confession,STORY
ra_9df9fda495b667d2,ra,ADVICE
ra_4c284ba493301591,ra,ADVICE
conf_75b9a2c7b7f3cc6c,confession,STORY
ra_0c16ff966b82797a,ra,ADVICE
conf_f6f3dfddb21607a9,confession,STORY
ra_1f4093c0ca5ddfa4,ra,ADVICE
ra_405337ffd291ff6e,ra,ADVICE
conf_81e0afbfcbe7db50,confession,STORY
ra_3d622066849d8138,ra,ADVICE
ra_d27a49b7cc65b120,ra,ADVICE
ra_f04f17caa662768a,ra,ADVICE
conf_94d896e0c5228767,confession,STORY
conf_8e233b4a8ceed752,confession,STORY
ra_a0bd7032d5291aa6,ra,ADVICE
ra_cd9d535c1ad452a0,ra,ADVICE
ra_c78b6fda5e3a70a4,ra,ADVICE
ra_cb6d79ade3534857,ra,ADVICE
conf_c16ef6722d662d61,confession,STORY
conf_279d7640a15cc8f6,confession,STORY
ra_f8e225c18745dd82,ra,ADVICE
conf_04544232bac51dbd,confession,STORY
ra_104d9663910cf532,ra,ADVICE
conf_a4bc7d6758945b85,confession,STORY
ra_13e317c0b014b55d,ra,ADVICE
conf_4b6521243dfac330,confession,STORY
conf_29a705411cae87af,confession,STORY
ra_b7acde15f94ec92e,ra,ADVICE
conf_02735f666df94dfa,confession,STORY
conf_ee0dee1781a0f647,confession,STORY
ra_9cfbb5705226fc16,ra,ADVICE
conf_13711bf5709e184f,confession,STORY
conf_7b1ac1784d7ca6a3,confession,STORY
ra_fab5c2069a34e046,ra,ADVICE
ra_7af9a54c7392bdfb,ra,ADVICE
ra_2bb45398e59969e6,ra,ADVICE
ra_a306e0a5b04a0cd7,ra,ADVICE
conf_bd5beebc474d8334,confession,STORY
ra_7c4402e718c18578,ra,ADVICE
ra_748c017f5158c496,ra,ADVICE
ra_24924230ad05d3cf,ra,ADVICE
conf_93ef1ecfe9470efb,confession,STORY
ra_2b0cf8a973f6f008,ra,ADVICE
ra_5f7ad592c7509d64,ra,ADVICE
ra_8d97f0ba01023661,ra,ADVICE
ra_d176a4a6700f1a15,ra,ADVICE
conf_e1c3e89e57d489d3,confession,STORY
conf_1d20167f71940f8c,confession,STORY
ra_4573eb52ac96fb5f,ra,ADVICE
ra_ac814f0d47591ee8,ra,ADVICE
conf_3dadae772ed81cae,confession,STORY
ra_10688cac00ad7c69,ra,ADVICE
ra_c6d24a66979a8f56,ra,ADVICE
conf_b60065e5a005f83c,confession,STORY
ra_84ca45406ba24dd3,ra,ADVICE
ra_be450590a1be9673,ra,ADVICE
ra_f9b90a8d8db79573,ra,ADVICE
conf_72f0d51536abdc99,confession,STORY
conf_1b9c03cb4f1e390c,confession,STORY
ra_cdf057cb33d52919,ra,ADVICE
ra_2c41107f93b418ca,ra,ADVICE
conf_86704b18e3c95f68,confession,STORY
ra_15a0655b56fba6f6,ra,ADVICE
conf_2c841dd4e8e1ef90,confession,STORY
conf_125e9cdb2ca61c39,confession,STORY
ra_36b6c249b3f6ba1a,ra,ADVICE
conf_9eacc145d8c65557,confession,STORY
conf_1414e1b6a84760d7,confession,STORY
ra_dc85ae8c6fe7ba7d,ra,ADVICE
conf_bb76032f0073b349,confession,STORY
ra_8552f2c453d87af6,ra,ADVICE
ra_a3b22d3d105f4300,ra,ADVICE
ra_61e769a562161c1d,ra,ADVICE
ra_fae7c02e959d76e6,ra,ADVICE
ra_de58d10b39ed3c27,ra,ADVICE
conf_2c2134545d10a4ab,confession,STORY
conf_e7fc8a2c1f703875,confession,STORY
conf_c8002b18e0c02681,confession,STORY
conf_12b9a02b3f61745c,confession,STORY
ra_e4c687400681d18d,ra,ADVICE
conf_f8f4fba8c88fab04,confession,STORY
ra_2f4b0a1f35aba0a9,ra,ADVICE
conf_06a1429a7c0ebae4,confession,STORY
ra_d2e43dcd176b3885,ra,ADVICE
ra_2d0367327f8a21aa,ra,ADVICE
ra_d95e850ff9382754,ra,ADVICE
conf_e6258f435358a5a7,confession,STORY
ra_495bda4ac8005e8f,ra,ADVICE
conf_1e1c397ad9f8c8d6,confession,STORY
ra_93ae6ab7d74e7db5,ra,ADVICE
conf_5e2d6ec14f8f9676,confession,STORY
conf_b49c5aad05301af9,confession,STORY
conf_7f833bd0c9f9949f,confession,STORY
ra_f1eb68e9165fa77a,ra,ADVICE
ra_d1209b9eb9f7ec77,ra,ADVICE
ra_40ab8c272195f7a3,ra,ADVICE
conf_32cd5ae60e6a9d96,confession,STORY
ra_979445459c4a6d3b,ra,ADVICE
ra_761386975dbb9e6b,ra,ADVICE
conf_45cf12fb37cbda57,confession,STORY
ra_9b7a88c34ea90e78,ra,ADVICE
conf_3e29eea2da3c9f3a,confession,STORY
ra_9d4263957ec72327,ra,ADVICE
ra_11ad6b06c59f6874,ra,ADVICE
ra_e4e9422f3e88df79,ra,ADVICE
conf_198a45a823a5a175,confession,STORY
conf_fa9928e7debd4909,confession,STORY
conf_0863000687526bf7,confession,STORY
ra_84902af9151ea767,ra,ADVICE
ra_ff2d9dbc28807b34,ra,ADVICE
conf_ae80526fb253fcc1,confession,STORY
conf_60a60d351666c77f,confession,STORY
ra_45ae49a3ff9a2cc7,ra,ADVICE
conf_d430c0dc59e337b9,confession,STORY
ra_a0bb0173229cd206,ra,ADVICE
conf_0d83c9db1154191d,confession,STORY
ra_b302893f4350a53f,ra,ADVICE
ra_c246e4b8ceeb31c6,ra,ADVICE
conf_1109802baa9be7be,confession,STORY
conf_4bdefe78211ace0d,confession,STORY
conf_940230c0b4059102,confession,STORY
ra_7caae4f519b0362c,ra,ADVICE
ra_127ce93bb06316fe,ra,ADVICE
conf_1de28d345af955f9,confession,STORY
ra_fde1afabfeb9ad01,ra,ADVICE
ra_430b6196af2c67fc,ra,ADVICE
ra_e86bbcef9408c43f,ra,ADVICE
conf_ec059f44afa1a359,confession,STORY
conf_8d762f6c36cad319,confession,STORY
ra_12e297f0c708f0cf,ra,ADVICE
conf_9b2b12bb61f61040,confession,STORY
conf_d75cd730ecb206c2,confession,STORY
ra_337cff742bad9137,ra,ADVICE
conf_32213bfd6889862f,confession,STORY
ra_d2a38d165ea10ee4,ra,ADVICE
ra_681acae36ac9e8a7,ra,ADVICE
conf_d86e8b5347439370,confession,STORY
conf_c201dd7f1fdd1874,confession,STORY
conf_da7438bd59a30a86,confession,STORY
conf_83831bc89ef2129f,confession,STORY
ra_9acab591d17d7ea9,ra,ADVICE
ra_5a6cb5c094dd6a21,ra,ADVICE
conf_9a172cec179d9474,confession,STORY
ra_0df506bb5c5f0c79,ra,ADVICE
ra_8229f5717319ee49,ra,ADVICE
ra_6e075d4f8622cb24,ra,ADVICE
conf_0ae034f8cce77cf4,confession,STORY
ra_6122a5b9b325f2b9,ra,ADVICE
ra_596d5b58ac83378a,ra,ADVICE
ra_77d6a4b011ce9ebd,ra,ADVICE
ra_7de9b3f3fe8edfdd,ra,ADVICE
conf_e17fdd5065daaecd,confession,STORY
conf_29cdb5b29397cf76,confession,STORY
ra_b6c3a2170683bd27,ra,ADVICE
ra_bfdddff821a472ba,ra,ADVICE
conf_48c1c88b958c27cd,confession,STORY
conf_c02d23500e430b0e,confession,STORY
conf_81f74a5a4b25dd51,confession,STORY
conf_bc5240603e95558d,confession,STORY
conf_1630c0695e9985d9,confession,STORY
ra_b1a4b8b6f30609ca,ra,ADVICE
ra_4a2ba1eb24badce0,ra,ADVICE
conf_8ec98b14fda18149,confession,STORY
ra_9259258fcaa67b2e,ra,ADVICE
ra_0b83a7193fc606dc,ra,ADVICE
ra_19e815281dee9ea2,ra,ADVICE
conf_bbe1386a560d5929,confession,STORY
ra_756d31f4afc5b45f,ra,ADVICE
conf_b17c9dea9a7cde15,confession,STORY
ra_2327aac0a431f685,ra,ADVICE
ra_c262cdba5ba81a80,ra,ADVICE
conf_8445c1d2b0e2bf30,confession,STORY
ra_ad24c1bb60434713,ra,ADVICE
ra_73f5cdc5d5bb981b,ra,ADVICE
conf_7bc3956f8ccf0645,confession,STORY
conf_fa71660e8e9572c5,confession,STORY
ra_d4b019b2af4b8718,ra,ADVICE
conf_1ba46fd1e0777f76,confession,STORY
ra_616e58ecead75eb0,ra,ADVICE
ra_7cef1e356d45f247,ra,ADVICE
ra_dbe294c5e66b5775,ra,ADVICE
ra_eacecd8141abcd83,ra,ADVICE
conf_d6dd2d03f344fdfa,confession,STORY
conf_fa3d6c966062ed3d,confession,STORY
conf_0c178090e3973b77,confession,STORY
ra_c4ed8b56ae1437c2,ra,ADVICE
ra_ba1ee6dbcd875bc2,ra,ADVICE
conf_cb7c3395f344f497,confession,STORY
conf_6b673df4078bd76c,confession,STORY
ra_6dcc0fdc972e7093,ra,ADVICE
ra_e34bca066c7e3491,ra,ADVICE
ra_b731daed00127c40,ra,ADVICE
conf_b8710e1db6e8c826,confession,STORY
ra_c3ed4ae30aa93e31,ra,ADVICE
conf_ec2c7dce97cd257a,confession,STORY
conf_1781ee43528d2ee0,confession,STORY
conf_a5b3ffda2e803fd2,confession,STORY
conf_68827985572bdfc0,confession,STORY
conf_d4c119c1f5e30d5b,confession,STORY
ra_5b1a2e339e3390f0,ra,ADVICE
conf_193c721636138359,confession,STORY
ra_0a9302a0d6b7aae5,ra,ADVICE
ra_074a44ccac179cae,ra,ADVICE
conf_7bd19e2b275eb081,confession,STORY
conf_8d303085299bb204,confession,STORY
ra_d863f4604a6f6482,ra,ADVICE
ra_b84c3899456f5419,ra,ADVICE
conf_f57216fb659ff6d9,confession,STORY
conf_b6be5d4269cb9e0c,confession,STORY
ra_667bb6834f59040d,ra,ADVICE
conf_1ce0815d9918a7e0,confession,STORY
ra_98766b9077e34537,ra,ADVICE
ra_a07bc4a494e899e3,ra,ADVICE
conf_dc06d6721ba90908,confession,STORY
conf_bae1bfb63118a39f,confession,STORY
conf_9feb1ec2a1130ee3,confession,STORY
ra_24d2a947d058dd13,ra,ADVICE
ra_9ccbaeac67d056c0,ra,ADVICE
ra_7d79dfdd9c939602,ra,ADVICE
ra_3e6f282b5b1cc809,ra,ADVICE
ra_ae8002c750bafd1a,ra,ADVICE
ra_a6b239771d228506,ra,ADVICE
ra_a311b9e8dfbc0e8b,ra,ADVICE
conf_3afa4f8a4d8f7860,confession,STORY
conf_7bf0869307b5cdb5,confession,STORY
ra_397aae120df7a02d,ra,ADVICE
ra_f5abdbd41c54c454,ra,ADVICE
conf_49790f02a1b32f12,confession,STORY
conf_233e5d85dcd59247,confession,STORY
ra_c475969654988f37,ra,ADVICE
conf_abc5c67d93e217d1,confession,STORY
ra_776719d8fceadf23,ra,ADVICE
conf_e29fb8d0b2fc7a11,confession,STORY
conf_004dbb4aa3ba6c51,confession,STORY
conf_ccb0ae8a6813a8fa,confession,STORY
ra_50a95f2fee0024de,ra,ADVICE
conf_509b144e6e6bbe64,confession,STORY
ra_1b915c9319424a18,ra,ADVICE
conf_cdf92d3fd87653f0,confession,STORY
ra_4dc01a221f0704be,ra,ADVICE
conf_38483d4caf727783,confession,STORY
ra_7e1aaf21319af821,ra,ADVICE
conf_4ab1c356b9f9f475,confession,STORY
ra_10dd2de7ff6575ad,ra,ADVICE
conf_3d5096654a4ccd62,confession,STORY
ra_1b99c1e7c42b6455,ra,ADVICE
conf_26207504756f4b7a,confession,STORY
conf_94d48d6daeace3e9,confession,STORY
ra_877dd9fb9a07fd22,ra,ADVICE
conf_c1dd36d560d87ff5,confession,STORY
conf_77deae0d68c06d8e,confession,STORY
ra_944ca08f905b4b00,ra,ADVICE
conf_35601bc2dd7cf6ac,confession,STORY
ra_b1619bd4d4343f1f,ra,ADVICE
conf_f55795380ba716c8,confession,STORY
ra_f3f2ec04b7f11302,ra,ADVICE
conf_319207817be53336,confession,STORY
ra_4d51d42d6a1bb833,ra,ADVICE
ra_3ca6c06bc1b0c9d7,ra,ADVICE
conf_ffc1f8251f867517,confession,STORY
ra_b95cbc0e24709d53,ra,ADVICE
ra_1807beb39d48577b,ra,ADVICE
ra_a556e0674f98f89a,ra,ADVICE
ra_38683dc2c5951a09,ra,ADVICE
conf_46520ace54fa0d15,confession,STORY
ra_1d7746b3c39d3f07,ra,ADVICE
ra_da705166ecb01aa8,ra,ADVICE
ra_d8484e06fcca552b,ra,ADVICE
conf_bfa660351aeb55b2,confession,STORY
ra_7d11d9a2353775a7,ra,ADVICE
ra_4611e65f46b0e1a3,ra,ADVICE
conf_e59b75bdceace082,confession,STORY
conf_b0c69c1c2032960f,confession,STORY
conf_8f4cec61fa81fe13,confession,STORY
ra_df7f689025943266,ra,ADVICE
ra_21e22c74ff8861bf,ra,ADVICE
conf_8e35219c51e26847,confession,STORY
conf_5906bd26905c03d6,confession,STORY
conf_4d2ea4fa8abb7c37,confession,STORY
ra_264a789ff21b4095,ra,ADVICE
conf_28919f0d7f5ec0b9,confession,STORY
conf_1c9759d5a5414cfd,confession,STORY
ra_85df5abe34deed5a,ra,ADVICE
conf_61323b65b34adf09,confession,STORY
conf_3386ded48e49ed93,confession,STORY
conf_2b7866f895abf84e,confession,STORY
conf_bc32a8d01a868d08,confession,STORY
conf_f7c540b8c19b781d,confession,STORY
conf_f98932fca44002b9,confession,STORY
conf_431d0c60af07b37e,confession,STORY
conf_102b1050373f7c2d,confession,STORY
conf_ca7722ba26260ba8,confession,STORY
ra_1eb6c4c1d1b2d9d5,ra,ADVICE
ra_109003537002093e,ra,ADVICE
conf_d2bd732532de2b9f,confession,STORY
conf_6c23b2f36ab8bca3,confession,STORY
conf_34b63792fc4514f2,confession,STORY
conf_ab443adf636afc76,confession,STORY
conf_3bc979a130ba3d2d,confession,STORY
conf_3586c5d3453fbc3d,confession,STORY
conf_fc4d77df8a3d9867,confession,STORY
ra_067c5f6d1404888e,ra,ADVICE
conf_1cd8541ed8020f32,confession,STORY
conf_03b08fc1d9683ec3,confession,STORY
ra_d87dc92041e89641,ra,ADVICE
ra_22f595d0b8eef05c,ra,ADVICE
ra_c203fab6097abeb7,ra,ADVICE
conf_2e41d9d36f86c73f,confession,STORY
conf_3704188f57e37892,confession,STORY
conf_809c01df22b7cf02,confession,STORY
ra_5a298a5951f7862a,ra,ADVICE
conf_416e78242a4bec20,confession,STORY
conf_0775ae5819ea8ece,confession,STORY
conf_fa3c223f40c89148,confession,STORY
conf_ee5c2af8007b0d89,confession,STORY
ra_8acc753cd96e0875,ra,ADVICE
conf_53287b69c930586b,confession,STORY
ra_f208a35b2390ef42,ra,ADVICE
conf_3cb6dfb0530fc349,confession,STORY
ra_add01baf045ac4f9,ra,ADVICE
ra_7037c0c33cf80067,ra,ADVICE
ra_3f7b811e3d47988b,ra,ADVICE
ra_66109494cad48522,ra,ADVICE
ra_81f80d0debfa070c,ra,ADVICE
ra_e68e6c6ca5fe0e7c,ra,ADVICE
ra_9bfbdd43a76cc347,ra,ADVICE
ra_828673a830ab680d,ra,ADVICE
conf_d36822391c5eeb18,confession,STORY
ra_36cab0310c1afe84,ra,ADVICE
ra_cab70c70a04a46dd,ra,ADVICE
conf_67f4e71fe868edeb,confession,STORY
conf_c1aacae0e0c4d036,confession,STORY
conf_d8824de11a4e65ad,confession,STORY
conf_fdf3674ffd5f29df,confession,STORY
ra_6f74cd00d8c5b858,ra,ADVICE
ra_9adc6dafed9d9846,ra,ADVICE
ra_bc160a9d6cb46991,ra,ADVICE
conf_b5fef9fff4418d0b,confession,STORY
conf_81a00f52bfe93025,confession,STORY
ra_31dce811a156f591,ra,ADVICE
conf_1d9257fbfbce779b,confession,STORY
conf_58b94c608ab878cf,confession,STORY
ra_38a3c6ab6eb998e6,ra,ADVICE
ra_6ead47b47e62aac9,ra,ADVICE
conf_2222aa05b1b4d212,confession,STORY
conf_10a9951ef7ab6c68,confession,STORY
conf_85606cffccb76e42,confession,STORY
conf_45cfbb5da77dae0c,confession,STORY
ra_aa7ba82341735c67,ra,ADVICE
conf_3815fa469dcc018b,confession,STORY
conf_487918d182e1fc6f,confession,STORY
conf_e5cc1189807cf7c6,confession,STORY
conf_23c23348f8d6bead,confession,STORY
ra_9b94a67c3f8468c2,ra,ADVICE
ra_a39c087ee9064087,ra,ADVICE
conf_4ae2c2acd89e4fac,confession,STORY
conf_bed979691a7498da,confession,STORY
ra_299bf4c19bda5ed1,ra,ADVICE
conf_6c5ee94724a5f4ad,confession,STORY
conf_0cc4247b12dbf713,confession,STORY
conf_7546d8ef70e4ba7e,confession,STORY
conf_f4159702639d621e,confession,STORY
ra_c0c4e53cf2511e40,ra,ADVICE
ra_5d163d22fbd20e87,ra,ADVICE
ra_2cfb3b847fe501f5,ra,ADVICE
conf_f0334a86a5e6befa,confession,STORY
ra_7ef0aa1191f8e77a,ra,ADVICE
conf_06cc441f507b831a,confession,STORY
ra_35caf04c55399e98,ra,ADVICE
ra_432f206f060a82c0,ra,ADVICE
ra_4505d831ad954d3d,ra,ADVICE
ra_c35ca28776b181bf,ra,ADVICE
ra_054ef35f308005cd,ra,ADVICE
conf_f3810bf00a1937a8,confession,STORY
conf_7c44f33adf888716,confession,STORY
ra_f6a0f33cc1ded79d,ra,ADVICE
ra_e6938a95cd8dc1f6,ra,ADVICE
ra_6387705876023788,ra,ADVICE
conf_d61d5535226e1c96,confession,STORY
ra_7211729e1d78679f,ra,ADVICE
ra_533fa0bedecf4ce6,ra,ADVICE
ra_e3b1d7f66d1dc5f6,ra,ADVICE
conf_2d96f2d44ed52009,confession,STORY
ra_ca2df30f5d49f914,ra,ADVICE
conf_85e59c489b0f0a53,confession,STORY
ra_4976cd0fa8345223,ra,ADVICE
conf_6bdeb7cf698459b5,confession,STORY
ra_b5fd31eff4ee19e8,ra,ADVICE
conf_71ae49b46ddab8db,confession,STORY
conf_808c29e6f7f67509,confession,STORY
conf_a026bc7fe6b2d042,confession,STORY
conf_a1bc89ac11f2bb42,confession,STORY
conf_2da4cb44cc5b1af6,confession,STORY
ra_9f82dea9a7e478d5,ra,ADVICE
conf_c800aba3ed6a42c0,confession,STORY
conf_6abf78ec3b346dfc,confession,STORY
ra_1eea7c99854279ab,ra,ADVICE
conf_3a74ab3243f61985,confession,STORY
conf_a045d528ba3c55a7,confession,STORY
conf_45b7c66cd36a4bcd,confession,STORY
conf_d87676c1076c5bc5,confession,STORY
ra_31593aae77f88614,ra,ADVICE
ra_4267a8440807c384,ra,ADVICE
ra_592ca645269317b8,ra,ADVICE
ra_b6596655327efe1e,ra,ADVICE
conf_64f0f9b94cc8ce7c,confession,STORY
conf_adde975f7e69acb9,confession,STORY
ra_5eefae497a3ce022,ra,ADVICE
conf_957c2b5be14eefe4,confession,STORY
ra_a65368bcb7363dbb,ra,ADVICE
conf_e636d7cf6bd8bf46,confession,STORY
conf_881549cdf6383dea,confession,STORY
ra_cc3288aabfe4d934,ra,ADVICE
conf_68bdfaca042fcb46,confession,STORY
ra_6c63cfb1989dc057,ra,ADVICE
ra_1300aca7f939493a,ra,ADVICE
conf_60ecd5eca44ca3c8,confession,STORY
conf_c630c07f135e87e9,confession,STORY
conf_b6f636deb07b33fe,confession,STORY
conf_6fe0fbff0811d27f,confession,STORY
conf_d543d35d7b6e4c3e,confession,STORY
conf_be872babdf27f651,confession,STORY
conf_627427143f315aee,confession,STORY
conf_c8c55d0c64a527e9,confession,STORY
ra_4ed4d521fe16338f,ra,ADVICE
conf_61e30453abbf888e,confession,STORY
ra_8bc22f0f969bede6,ra,ADVICE
conf_0e02c60b1c111bce,confession,STORY
ra_23f02f8faec0bbee,ra,ADVICE
ra_f96680b420a72f5a,ra,ADVICE
ra_47355791eb003c9a,ra,ADVICE
ra_692899dede5fba76,ra,ADVICE
conf_61cc0bffd3697a1c,confession,STORY
ra_8823bcb5272dbf89,ra,ADVICE
ra_8c8a436e10a3a235,ra,ADVICE
conf_1ac808c17530b235,confession,STORY
conf_3a7080b744364567,confession,STORY
conf_ac2c53110323abcf,confession,STORY
conf_24157480e4c916e1,confession,STORY
conf_918a3b28ee731d28,confession,STORY
conf_e277e1b822f356cf,confession,STORY
conf_20e732c25a7f0643,confession,STORY
ra_434b0e54be6912dc,ra,ADVICE
conf_09f62d5b3e4fb9b4,confession,STORY
conf_6cf6ba07614d53ce,confession,STORY
conf_4c95c34fb73891f8,confession,STORY
ra_bb80da7108d8b31c,ra,ADVICE
ra_1a057f2796a0ea68,ra,ADVICE
ra_d1fb901aed1aed81,ra,ADVICE
ra_368e89a8c628c5f8,ra,ADVICE
conf_18985643546ab3a9,confession,STORY
conf_090ff9d1891ac050,confession,STORY
conf_6be1c670e20c1d4a,confession,STORY
conf_959e4d1331241dc2,confession,STORY
ra_d3f5360198fec5d2,ra,ADVICE
conf_ff3d3e64bd4119e3,confession,STORY
conf_ac193f31adc642b2,confession,STORY
ra_0f90214b2eb20a7c,ra,ADVICE
ra_6011fe01d6fe0010,ra,ADVICE
ra_0e5e499099d1c83f,ra,ADVICE
conf_c5cebdca1eb37a83,confession,STORY
conf_bee052510e008a8b,confession,STORY
ra_a2d46182dcd3366d,ra,ADVICE
conf_b7bec931af62bf00,confession,STORY
conf_e52990436f305daf,confession,STORY
conf_f5d2782fd4f05a7d,confession,STORY
ra_c3ab73aafd01b9f1,ra,ADVICE
conf_fbbbcf19c9234b95,confession,STORY
ra_179db7c5e5022242,ra,ADVICE
conf_71850474d13e46a1,confession,STORY
ra_cfafc452c41b8f46,ra,ADVICE
conf_86e778c2b3cd112a,confession,STORY
ra_dfbe10089486629e,ra,ADVICE
ra_38b643607d288a84,ra,ADVICE
conf_d4c892131afffd4b,confession,STORY
conf_ba30df0294e45dba,confession,STORY
conf_9492c6310e30caea,confession,STORY
conf_4d2bef892ce95136,confession,STORY
ra_6c8d45aa49300631,ra,ADVICE
ra_1494a9f28b51e690,ra,ADVICE
conf_d0411f7a91a41c82,confession,STORY
conf_74075f0675991532,confession,STORY
conf_15fe14f2acb59e31,confession,STORY
ra_6e3bb3019b352ba9,ra,ADVICE
ra_8477fe51d3d4b53d,ra,ADVICE
conf_92736994a6e7a251,confession,STORY
conf_3e22aa3c5902cbf5,confession,STORY
conf_577941ed4f712ecb,confession,STORY
conf_f4dc142e97b435b9,confession,STORY
ra_42b598a00251ccf2,ra,ADVICE
conf_0bce4f4a65b21995,confession,STORY
conf_6f7923f005721c96,confession,STORY
conf_08dea5413527a6ad,confession,STORY
conf_731b9640f595d890,confession,STORY
ra_9fe0881261a0dfd2,ra,ADVICE
ra_07b643294dfef8f2,ra,ADVICE
ra_1112d7a7b43232a6,ra,ADVICE
conf_186fd892a16a22c1,confession,STORY
ra_d89916b7cb9de3b0,ra,ADVICE
conf_e324074f6bbb941a,confession,STORY
ra_e6930ef77162c3cb,ra,ADVICE
conf_30828f90140c1c1f,confession,STORY
conf_db1581f55780394c,confession,STORY
conf_38f794c9b6c3cbd8,confession,STORY
ra_739504cc2ba2d3fe,ra,ADVICE
ra_bef090c87dfcf789,ra,ADVICE
conf_5309cd24bcfb78da,confession,STORY
ra_587b57d77cd5ec4d,ra,ADVICE
conf_8e729c062db891d2,confession,STORY
ra_7521514e8e658004,ra,ADVICE
ra_8e14134f0661f949,ra,ADVICE
conf_afae0c970f67418b,confession,STORY
ra_3a2aba04700a4c63,ra,ADVICE
conf_ad4faa8de5aa1c3e,confession,STORY
ra_777a0abe6acef3b9,ra,ADVICE
conf_14e4970da6296b3e,confession,STORY
conf_5ca069ee0fb5f77d,confession,STORY
conf_e3de2b5deb12b15e,confession,STORY
conf_197506c7877068f8,confession,STORY
conf_54baa3f434938d44,confession,STORY
conf_760293be2084cc26,confession,STORY
conf_aa187e6f460d50e1,confession,STORY
conf_7667ae209ee99080,confession,STORY
ra_5be1226a4882382d,ra,ADVICE
conf_93257d6f94b538c3,confession,STORY
conf_96353d085b07a61a,confession,STORY
ra_76fc0ad8b1d1ba05,ra,ADVICE
ra_7b74a262a47fd782,ra,ADVICE
conf_dba45e46d2795a03,confession,STORY
conf_bf664a38f05f51ce,confession,STORY
conf_6c14723377ff713b,confession,STORY
conf_48a607c7a72b7f2e,confession,STORY
conf_fc211ab272010545,confession,STORY
ra_0981d0b9f8d695d4,ra,ADVICE
ra_c70cb3eae369daf2,ra,ADVICE
ra_c74c1faea01de400,ra,ADVICE
conf_b0669e23f5fd3ad4,confession,STORY
conf_6c2debfeae666001,confession,STORY
ra_8b5170e6ac631037,ra,ADVICE
conf_e4b9b3f848f34a4e,confession,STORY
ra_63b4dd430c7d83ea,ra,ADVICE
conf_981d1ef2022ffdb4,confession,STORY
conf_d6f6b504354a54c3,confession,STORY
ra_054ed94036bd0be6,ra,ADVICE
conf_659b3fda43046088,confession,STORY
conf_076577eb4a0c978f,confession,STORY
conf_09f80b0c7412ae6e,confession,STORY
conf_0cd7db8025abd040,confession,STORY
conf_68bc60fc4f324c3d,confession,STORY
conf_c1ecec212cd2af93,confession,STORY
ra_f734829d8df7c757,ra,ADVICE
conf_5eaeb7cb88dc25ef,confession,STORY
ra_6c9acc026fe341d4,ra,ADVICE
conf_42481103f460fefe,confession,STORY
ra_d416fd19c8f3b821,ra,ADVICE
ra_9a082b7e206e2144,ra,ADVICE
ra_eb3365c13c287279,ra,ADVICE
conf_b7acb2c5e88e30ba,confession,STORY
ra_30b8dc0771da239c,ra,ADVICE
ra_b9a9e4ceb13f4e45,ra,ADVICE
conf_f7ee7821f3fbe83e,confession,STORY
conf_4dcb4d84c9db4aa2,confession,STORY
ra_f37ed2b4e5c53a4b,ra,ADVICE
conf_17bff3cf8c0323f2,confession,STORY
ra_d28f68d913fc254f,ra,ADVICE
ra_a17d283f2094ec67,ra,ADVICE
ra_2981a614808e5b81,ra,ADVICE
conf_f782e93449b0eca6,confession,STORY
conf_5c3e42aadb340af4,confession,STORY
ra_b157d0cc642f9a1a,ra,ADVICE
conf_5177c01b9c340754,confession,STORY
conf_35176bbd1160f66e,confession,STORY
ra_debb344a24754c95,ra,ADVICE
conf_1072b639b2c4b795,confession,STORY
ra_18a92614c19572e6,ra,ADVICE
conf_d81f822ef6490f00,confession,STORY
conf_bb189c8855d86b07,confession,STORY
ra_223460abcb3b6aac,ra,ADVICE
ra_f6ebabdf1893663d,ra,ADVICE
conf_decf412bcc186e86,confession,STORY
conf_c7caf1f3800040b1,confession,STORY
conf_583cf9918484ded2,confession,STORY
ra_8168b1a5a9ac524b,ra,ADVICE
ra_a193bef97d38993a,ra,ADVICE
conf_704c8e2cb902c72b,confession,STORY
ra_d5124e3286b4ef7e,ra,ADVICE
ra_8413d10f224b96be,ra,ADVICE
ra_f5224a4408587cfe,ra,ADVICE
ra_d145553bae9a8ad3,ra,ADVICE
conf_0c9c45c6db8822a8,confession,STORY
ra_d193012e08322b47,ra,ADVICE
conf_690ad877edf59910,confession,STORY
ra_28b392c9c75b5e94,ra,ADVICE
ra_9dcc3a50d0dd65d7,ra,ADVICE
ra_a06f2491590c9901,ra,ADVICE
conf_7d8f2e17b04f51e3,confession,STORY
ra_7d8b7746e760d79e,ra,ADVICE
conf_53a1e1fb5854dc1a,confession,STORY
ra_b76b4e9088f7272f,ra,ADVICE
ra_48d504d35efe748e,ra,ADVICE
conf_20d5822821f2e2d3,confession,STORY
ra_241efba12a955258,ra,ADVICE
conf_96eda67181113e0f,confession,STORY
ra_ab3bef1f438baebc,ra,ADVICE
ra_9047ea6bcfec251b,ra,ADVICE
conf_a3a631fb97f745ee,confession,STORY
ra_5e6c6db8773162bd,ra,ADVICE
conf_48290ed002d0b082,confession,STORY
conf_549e7e669cf7c126,confession,STORY
conf_b105d14b0d3e8449,confession,STORY
conf_8abdcb0280224733,confession,STORY
ra_19f041566208000f,ra,ADVICE
ra_7f54b22de269dd96,ra,ADVICE
conf_b3847760b7bc9bbf,confession,STORY
conf_f28140f58b8c5b7c,confession,STORY
ra_57e05138134a3c99,ra,ADVICE
ra_ac17eb86d6f06da1,ra,ADVICE
conf_4f7a607313f458f0,confession,STORY
conf_07cd8d730e69df08,confession,STORY
conf_86d6d2d38d4fb32f,confession,STORY
ra_0c3ede196a6ab6d9,ra,ADVICE
ra_b53cebb1ec32e549,ra,ADVICE
conf_bd0652908cd10c39,confession,STORY
conf_13c79b0f6e8b03f5,confession,STORY
conf_198fa48b9a3b1c86,confession,STORY
conf_ee783557755199a9,confession,STORY
conf_be39f31c038288e3,confession,STORY
ra_7c8cc4d2ba235d13,ra,ADVICE
ra_da0d9ec2ee953663,ra,ADVICE
ra_38c5072036fe7f5a,ra,ADVICE
ra_7e1a9d7c41331d48,ra,ADVICE
conf_ed8a3457da8ede2e,confession,STORY
conf_c06659e8bf660618,confession,STORY
ra_066fa87b818b1c09,ra,ADVICE
conf_a54ebcb79a83d08a,confession,STORY
ra_3b0764f711cc444a,ra,ADVICE
conf_a5990ee948cd6f61,confession,STORY
ra_cc5108dc3f0e8e70,ra,ADVICE
ra_ed70b335f0d7f450,ra,ADVICE
ra_ee0c4e1414d26ce7,ra,ADVICE
conf_3e788474f5054fb8,confession,STORY
ra_e579728d1b7d704a,ra,ADVICE
ra_c897dba2c22268a2,ra,ADVICE
ra_290fc446dca175a7,ra,ADVICE
ra_06f8c9f96b07b109,ra,ADVICE
ra_83053856041a131a,ra,ADVICE
conf_9ca349be12d19fa1,confession,STORY
ra_ade4de1a61feb640,ra,ADVICE
conf_81606f1c1d3f50f7,confession,STORY
conf_865771b1adb967f6,confession,STORY
conf_42acb459cfedb771,confession,STORY
ra_53c971cf5508cf55,ra,ADVICE
conf_e7d8f0074835fb8a,confession,STORY
conf_f9124228e7ff1d48,confession,STORY
conf_067d8f82fceffc8a,confession,STORY
conf_c9981b14b57d922a,confession,STORY
conf_ade07709680b08b7,confession,STORY
ra_0b647f91cbad4132,ra,ADVICE
conf_9165ecc82ea1b033,confession,STORY
ra_5b0c0f19199f8c19,ra,ADVICE
ra_3ca61d78b2192449,ra,ADVICE
conf_6549eb7bb7fbe6fb,confession,STORY
ra_32ff54d3c33e6bf3,ra,ADVICE
conf_6c047f45a0e167dc,confession,STORY
ra_6d1a3db9b7dc8b95,ra,ADVICE
ra_f2f615afc61dc199,ra,ADVICE
ra_1b80b7f7a42949d1,ra,ADVICE
ra_8f776a1a6013f304,ra,ADVICE
ra_b198b8735ee7934c,ra,ADVICE
ra_c6511a0189012735,ra,ADVICE
conf_91734dcb3bbb717b,confession,STORY
ra_dfb4f2ebd7acb42b,ra,ADVICE
conf_21717521c64991e2,confession,STORY
ra_58a2d9a99ca658d4,ra,ADVICE
conf_61448c20deb9cb4a,confession,STORY
conf_ec5fa7faed140457,confession,STORY
conf_1bb941efb4ef2f7c,confession,STORY
ra_a78b4c64dbb11234,ra,ADVICE
conf_601a0f70a07195ba,confession,STORY
conf_373d085739e024d7,confession,STORY
ra_f80c5c9cc1e6abfa,ra,ADVICE
ra_efada26e7864e101,ra,ADVICE
conf_e2b02d5f17fa0da6,confession,STORY
ra_51a7e26fa24fa77d,ra,ADVICE
conf_638b9d44b1318a8d,confession,STORY
ra_3358d0851bd953bf,ra,ADVICE
conf_1d7d8baeaf5b33b5,confession,STORY
ra_fd630e15791eb0c4,ra,ADVICE
conf_fb263e2e1ff3b5a5,confession,STORY
conf_259a32c1c8c41a6f,confession,STORY
conf_7136dfb9c86ae18f,confession,STORY
ra_abf31a207902e97a,ra,ADVICE
ra_8c52c3d3adc62016,ra,ADVICE
ra_f6086d5e904fb8fb,ra,ADVICE
conf_4feac60ab99fd0a8,confession,STORY
ra_26f71d1bcff7b7fe,ra,ADVICE
